{
  "ac2_per_invoice_ms": {
    "stark-001": 0.044155,
    "wayne-002": 0.07365100000000001,
    "stark-003": 0.036389,
    "stark-002": 0.032272,
    "wayne-001": 0.03167
  },
  "ac2_avg_ms": 0.043627400000000004,
  "ac2_p95_ms": 0.07365100000000001,
  "ac4_halt_distribution": {
    "Halt(SecretLeakDetected)": 1,
    "Halt(CoherenceTooLow)": 1,
    "Halt(RiskScoreExceeded)": 2
  },
  "ac4_determinism_10_of_10": true,
  "ac7_input_tokens_per_invoice": {
    "stark-001": 576,
    "stark-002": 576,
    "wayne-001": 576,
    "stark-003": 576,
    "wayne-002": 896
  },
  "ac7_total_input_tokens": 3200,
  "ac8_total_usd_cents": 0.16,
  "ac9_distinct_pubkeys": true,
  "ac10_halt_latency_ms": {
    "stark-002": 0.032272,
    "stark-003": 0.036389,
    "stark-001": 0.044155,
    "wayne-001": 0.03167
  },
  "ac13_verify_exit_code_per_invoice": {
    "wayne-001": 0,
    "stark-003": 0,
    "stark-002": 0,
    "stark-001": 0,
    "wayne-002": 0
  },
  "ac13_verify_avg_ms": 3.1874224,
  "total_wall_clock_ms": 17.383824999999998,
  "measured_at": "2026-06-13T14:41:40.266788799+00:00"
}