{
  "ac2_per_invoice_ms": {
    "stark-001": 0.041739,
    "wayne-002": 0.061828999999999995,
    "wayne-001": 0.032422,
    "stark-002": 0.039604999999999994,
    "stark-003": 0.030358
  },
  "ac2_avg_ms": 0.0411906,
  "ac2_p95_ms": 0.061828999999999995,
  "ac4_halt_distribution": {
    "Halt(SecretLeakDetected)": 1,
    "Halt(CoherenceTooLow)": 1,
    "Halt(RiskScoreExceeded)": 2
  },
  "ac4_determinism_10_of_10": true,
  "ac7_input_tokens_per_invoice": {
    "stark-001": 576,
    "stark-002": 576,
    "stark-003": 576,
    "wayne-001": 576,
    "wayne-002": 896
  },
  "ac7_total_input_tokens": 3200,
  "ac8_total_usd_cents": 0.16,
  "ac9_distinct_pubkeys": true,
  "ac10_halt_latency_ms": {
    "stark-003": 0.030358,
    "stark-002": 0.039604999999999994,
    "wayne-001": 0.032422,
    "stark-001": 0.041739
  },
  "ac13_verify_exit_code_per_invoice": {
    "wayne-001": 0,
    "wayne-002": 0,
    "stark-003": 0,
    "stark-002": 0,
    "stark-001": 0
  },
  "ac13_verify_avg_ms": 3.2037394,
  "total_wall_clock_ms": 17.553293,
  "measured_at": "2026-06-13T14:27:27.746492937+00:00"
}